{"cameraMode":{"drawMode":0,"name":"Shaded","section":"Shading Mode"},"sceneLighting":true,"audioPlay":false,"sceneViewState":{"showFog":true,"showMaterialUpdate":false,"showSkybox":true,"showFlares":true,"showImageEffects":true,"showParticleSystems":true,"showVisualEffectGraphs":true,"m_FxEnabled":true},"in2DMode":false,"pivot":{"x":86.84992980957031,"y":3.7667715549468996,"z":19.422565460205079},"rotation":{"x":0.0022105148527771236,"y":0.9796363711357117,"z":0.010189629159867764,"w":-0.2011059671640396},"size":-7.6310014724731449,"orthographic":false}