{"cameraMode":{"drawMode":0,"name":"Shaded","section":"Shading Mode"},"sceneLighting":true,"audioPlay":false,"sceneViewState":{"showFog":true,"showMaterialUpdate":false,"showSkybox":true,"showFlares":true,"showImageEffects":true,"showParticleSystems":true,"showVisualEffectGraphs":true,"m_FxEnabled":true},"in2DMode":false,"pivot":{"x":-0.11239409446716309,"y":2.2762813568115236,"z":6.777818202972412},"rotation":{"x":0.05743889510631561,"y":-0.12160900235176087,"z":0.0070504844188690189,"w":0.9909082055091858},"size":4.962666034698486,"orthographic":false}