{"cameraMode":{"drawMode":0,"name":"Shaded","section":"Shading Mode"},"sceneLighting":true,"audioPlay":false,"sceneViewState":{"showFog":true,"showMaterialUpdate":false,"showSkybox":true,"showFlares":true,"showImageEffects":true,"showParticleSystems":true,"showVisualEffectGraphs":true,"m_FxEnabled":true},"in2DMode":false,"pivot":{"x":-0.34046101570129397,"y":-0.5023180246353149,"z":7.6342034339904789},"rotation":{"x":-0.14543095231056214,"y":0.41998928785324099,"z":-0.06838640570640564,"w":-0.8932198286056519},"size":6.090085983276367,"orthographic":false}