{"cameraMode":{"drawMode":0,"name":"Shaded","section":"Shading Mode"},"sceneLighting":true,"audioPlay":false,"sceneViewState":{"showFog":true,"showMaterialUpdate":false,"showSkybox":true,"showFlares":true,"showImageEffects":true,"showParticleSystems":true,"showVisualEffectGraphs":true,"m_FxEnabled":true},"in2DMode":false,"pivot":{"x":1.0503880977630616,"y":1.6916751861572266,"z":4.634378433227539},"rotation":{"x":-0.21945272386074067,"y":-0.03655679523944855,"z":0.008210464380681515,"w":-0.9749383330345154},"size":6.923280715942383,"orthographic":false}