{"cameraMode":{"drawMode":0,"name":"Shaded","section":"Shading Mode"},"sceneLighting":true,"audioPlay":false,"sceneViewState":{"showFog":true,"showMaterialUpdate":false,"showSkybox":true,"showFlares":true,"showImageEffects":true,"showParticleSystems":true,"showVisualEffectGraphs":true,"m_FxEnabled":true},"in2DMode":false,"pivot":{"x":-7.158111572265625,"y":0.036015987396240237,"z":5.095384120941162},"rotation":{"x":0.01563723012804985,"y":-0.7016735076904297,"z":0.015334534458816052,"w":0.7122266888618469},"size":9.071488380432129,"orthographic":false}