{"cameraMode":{"drawMode":0,"name":"Shaded","section":"Shading Mode"},"sceneLighting":true,"audioPlay":false,"sceneViewState":{"showFog":true,"showMaterialUpdate":false,"showSkybox":true,"showFlares":true,"showImageEffects":true,"showParticleSystems":true,"showVisualEffectGraphs":true,"m_FxEnabled":true},"in2DMode":false,"pivot":{"x":1.2899951934814454,"y":0.1954459249973297,"z":3.56002140045166},"rotation":{"x":-0.006168218329548836,"y":0.9914305210113525,"z":-0.12045513838529587,"w":-0.050878364592790607},"size":1.7088189125061036,"orthographic":false}