{"cameraMode":{"drawMode":0,"name":"Shaded","section":"Shading Mode"},"sceneLighting":true,"audioPlay":false,"sceneViewState":{"showFog":true,"showMaterialUpdate":false,"showSkybox":true,"showFlares":true,"showImageEffects":true,"showParticleSystems":true},"in2DMode":false,"pivot":{"x":55.000728607177737,"y":1.9996204376220704,"z":-0.0014262199401855469},"rotation":{"x":-0.03009338490664959,"y":0.6620659828186035,"z":-0.02664484828710556,"w":-0.7484548687934876},"size":5.364317893981934,"orthographic":true}